<?xml version="1.0" encoding="UTF-8" ?>
<!DOCTYPE mapper
        PUBLIC "-//mybatis.org//DTD Mapper 3.0//EN"
        "https://mybatis.org/dtd/mybatis-3-mapper.dtd">

<mapper namespace="com.model.dao.RideDAO">
    <resultMap id="rideResultMap" type="com.model.dto.RideDTO">
        <id property="rideCode" column="RIDE_CODE"/>
        <result property="entranceCode" column="ENTRANCE_CODE"/>
        <result property="rideSort" column="RIDE_SORT"/>
        <result property="watingTime" column="WATING_TIME"/>
        <result property="operationInfo" column="OPERATION_INFO"/>
    </resultMap>

    <update id="lineUpRide" parameterType="com.model.dto.RideDTO">
        UPDATE RIDE_INFO
        SET
            ENTRANCE_CODE = #{ entranceCode }
        WHERE
            RIDE_SORT = #{ rideSort }
    </update>

    <update id="changeWaitingTime" parameterType="com.model.dto.RideDTO">
        UPDATE RIDE_INFO
        SET
            WATING_TIME = #{ watingTime }
        WHERE
            RIDE_SORT = #{ rideSort }
    </update>

    <select id="selectAllRide" resultMap="rideResultMap">
        SELECT
            *
        FROM
            RIDE_INFO
        ORDER BY
            RIDE_CODE
    </select>
</mapper>